"","main","print_headline","web_url","snippet","lead_paragraph","abstract","pub_date"
"1","Former World Leaders: The Trade War Threatens the World’s Economy","Why We Worry About the Trade War","https://www.nytimes.com/2019/10/11/opinion/china-trade.html","Despite an interim deal, global peace and prosperity remain at risk if the United States and China do not fully resolve their conflict.","This piece has been updated to reflect news developments.","Despite an interim deal, global peace and prosperity remain at risk if the United States and China do not fully resolve their conflict.","2019-10-11T10:00:08+0000"
"2","Stocks Slide as Evidence Mounts of Slowdown Fueled by Trade War","Stocks Tumble, Signaling Toll Of Trade War","https://www.nytimes.com/2019/10/02/business/economy/markets-world-trade.html","A recent wave of selling has ended a relatively calm stretch for stock markets.","For much of the last year, America’s trade war was the rest of the world’s problem. ","A recent wave of selling has ended a relatively calm stretch for stock markets.","2019-10-02T11:07:46+0000"
"3","How to Stop Trump’s Trade War Madness","How to Stop  Trump’s  Trade War","https://www.nytimes.com/2019/08/11/opinion/trump-china-trade.html","Congress has the authority to limit the president’s reckless endangerment of the economy.","The trade war between the United States and China spiraled out of control last week, with threats from the United States of yet more tariffs — this time on shoes, clothes and cellphones — and a hasty determination to name China a currency manipulator at least five years after it stopped doing so. ","Congress has the authority to limit the president’s reckless endangerment of the economy.","2019-08-11T23:00:04+0000"
"4","Trump’s Trade War Could Put Swiss-Size Dent in Global Economy, I.M.F. Warns","Trade War  Cost Is Size  Of Switzerland","https://www.nytimes.com/2019/10/08/us/politics/trump-trade-war-imf.html","The International Monetary Fund is the latest global organization to warn of growing economic fallout from President Trump’s trade war.","WASHINGTON — The new head of the International Monetary Fund warned on Tuesday that America’s trade war with China could cost the global economy around $700 billion by 2020 — a loss equivalent to the size of Switzerland’s entire economy.","The International Monetary Fund is the latest global organization to warn of growing economic fallout from President Trump’s trade war.","2019-10-08T16:55:44+0000"
"5","Trump Is Losing His Trade Wars","Trump  Is Losing  His Trade Wars","https://www.nytimes.com/2019/07/04/opinion/trump-trade-wars.html","The pain is real, but the coercion isn’t.","Donald Trump’s declaration that “trade wars are good, and easy to win” will surely go down in the history books as a classic utterance — but not in a good way. Instead it will go alongside Dick Cheney’s prediction, on the eve of the Iraq war, that “we will, in fact, be welcomed as liberators.” That is, it will be used to illustrate the arrogance and ignorance that so often drives crucial policy decisions.","The pain is real, but the coercion isn’t.","2019-07-05T00:06:28+0000"
"6","Trump Says China Will Suffer as Data Shows Trade War Hurting U.S.","U.S. Industry Is Declining In Trade War","https://www.nytimes.com/2019/09/03/us/politics/trump-china-trade-war.html","President Trump said Chinese supply chains “would crumble,” as a closely watched index signaled a contraction in United States factory activity for the first time since 2016.","WASHINGTON — President Trump said on Tuesday that Chinese manufacturing would “crumble” if the country did not agree to the United States’ trade terms, as newly released data showed his trade war was washing back to American shores and hurting the factories that the president has aimed to protect.","President Trump said Chinese supply chains “would crumble,” as a closely watched index signaled a contraction in United States factory activity for the first time since 2016.","2019-09-03T19:35:53+0000"
"7","Wall Street Slides on Heightened Anxiety Over the Trade War","Markets Slide on Trade War Fears","https://www.nytimes.com/2019/08/12/business/wall-street-stocks-bonds.html","The market has been riddled with worry that the fallout from a costly trade conflict will undercut an already slowing global economy and hurt corporate profits.","Stocks fell sharply on Wall Street on Monday, knocking nearly 400 points off the Dow Jones industrial average.","The market has been riddled with worry that the fallout from a costly trade conflict will undercut an already slowing global economy and hurt corporate profits.","2019-08-12T19:56:58+0000"
"8","How Trump and Xi Can Both Win Their Trade War","Trump and Xi Can Both Win The Trade War","https://www.nytimes.com/2019/08/27/opinion/trump-china.html","Each needs to step back for six months and work on a way to get to better, not perfect, or things will turn ugly fast.","It is impossible to exaggerate what a dangerous cliff the U.S. and China are perched on today.","Each needs to step back for six months and work on a way to get to better, not perfect, or things will turn ugly fast.","2019-08-27T19:13:35+0000"
"9","Timeline: Key Dates in the U.S.-China Trade War","Timeline: Key Dates in the U.S.-China Trade War","https://www.nytimes.com/reuters/2019/10/11/business/11reuters-usa-trade-china-timeline.html","Top U.S. and Chinese trade officials met on Thursday for the first time since late July to try to find their way out of a bitter, 15-month trade war as new irritants between the world's two largest economies threatened to dash hopes for progress.","(Reuters) - Top U.S. and Chinese trade officials met on Thursday for the first time since late July to try to find their way out of a bitter, 15-month trade war as new irritants between the world's two largest economies threatened to dash hopes for progress.","Top U.S. and Chinese trade officials met on Thursday for the first time since late July to try to find their way out of a bitter, 15-month trade war as new irritants between the world's two largest economies threatened to dash hopes for progress.","2019-10-11T19:42:56+0000"
"10","Mnuchin Dismisses Data Showing Trade War Pain","Mnuchin Dismisses Data Showing Trade War Pain","https://www.nytimes.com/2019/09/09/us/politics/mnuchin-trump-trade-war.html","Economists say the Treasury secretary, whose comments dovetail with those of President Trump, is turning a blind eye to signs of a slowdown.","WASHINGTON — Treasury Secretary Steven Mnuchin said on Monday that President Trump’s tariffs on Chinese imports were having no impact on the United States economy, an assertion that was at odds with a raft of increasingly gloomy economic data and industry surveys.","Economists say the Treasury secretary, whose comments dovetail with those of President Trump, is turning a blind eye to signs of a slowdown.","2019-09-09T19:57:21+0000"
"11","Brexit Raises Stakes for Britain in Aircraft Trade War","Brexit Raises Stakes for Britain in Aircraft Trade War","https://www.nytimes.com/reuters/2019/10/03/business/03reuters-wto-aircraft-brexit-analysis.html","U.S. tariffs on European goods have plunged Britain into a trade war between the European Union and United States just as it plans to leave the 28-nation bloc, infuriating Scotch whisky makers and handing it a dilemma over thousands of Airbus jobs...","LONDON — U.S. tariffs on European goods have plunged Britain into a trade war between the European Union and United States just as it plans to leave the 28-nation bloc, infuriating Scotch whisky makers and handing it a dilemma over thousands of Airbus jobs.","U.S. tariffs on European goods have plunged Britain into a trade war between the European Union and United States just as it plans to leave the 28-nation bloc, infuriating Scotch whisky makers and handing it a dilemma over thousands of Airbus jobs.","2019-10-03T20:30:18+0000"
"12","Brexit Raises Stakes for Britain in Aircraft Trade War","Brexit Raises Stakes for Britain in Aircraft Trade War","https://www.nytimes.com/reuters/2019/10/04/business/04reuters-wto-aircraft-brexit-analysis.html","U.S. tariffs on European goods have plunged Britain into a trade war between the European Union and United States just as it plans to leave the 28-nation bloc, infuriating Scotch whisky makers and handing it a dilemma over thousands of Airbus jobs...","LONDON — U.S. tariffs on European goods have plunged Britain into a trade war between the European Union and United States just as it plans to leave the 28-nation bloc, infuriating Scotch whisky makers and handing it a dilemma over thousands of Airbus jobs.","U.S. tariffs on European goods have plunged Britain into a trade war between the European Union and United States just as it plans to leave the 28-nation bloc, infuriating Scotch whisky makers and handing it a dilemma over thousands of Airbus jobs.","2019-10-04T06:54:30+0000"
"13","Timeline-Key Dates in the U.S.-China Trade War","Timeline-Key Dates in the U.S.-China Trade War","https://www.nytimes.com/reuters/2019/10/10/business/10reuters-usa-trade-china-timeline.html","Top U.S. and Chinese trade officials met on Thursday for the first time since late July to try to find their way out of a bitter, 15-month trade war as new irritants between the world's two largest economies threatened to dash hopes for progress.","(Reuters) - Top U.S. and Chinese trade officials met on Thursday for the first time since late July to try to find their way out of a bitter, 15-month trade war as new irritants between the world's two largest economies threatened to dash hopes for progress.","Top U.S. and Chinese trade officials met on Thursday for the first time since late July to try to find their way out of a bitter, 15-month trade war as new irritants between the world's two largest economies threatened to dash hopes for progress.","2019-10-10T20:54:56+0000"
"14","IMF Downgrades Outlook for World Economy, Citing Trade Wars","IMF Downgrades Outlook for World Economy, Citing Trade Wars","https://www.nytimes.com/aponline/2019/10/15/us/politics/ap-us-imf-world-economy.html","The International Monetary Fund is further downgrading its outlook for the world economy, predicting that growth this year will be the weakest since the 2008 financial crisis, primarily because of widening global conflicts.","WASHINGTON — The International Monetary Fund is further downgrading its outlook for the world economy, predicting that growth this year will be the weakest since the 2008 financial crisis, primarily because of widening global conflicts.","The International Monetary Fund is further downgrading its outlook for the world economy, predicting that growth this year will be the weakest since the 2008 financial crisis, primarily because of widening global conflicts.","2019-10-15T13:03:11+0000"
"15","Port of Los Angeles September Imports Fall as Trade War Roils Trade","Port of Los Angeles September Imports Fall as Trade War Roils Trade","https://www.nytimes.com/reuters/2019/10/11/business/10reuters-usa-trade-imports.html","The Port of Los Angeles, the busiest for ocean trade with China, processed fewer containers of imported goods in September as the prolonged U.S.-China trade war whipsaws global trade.  ","LOS ANGELES — The Port of Los Angeles, the busiest for ocean trade with China, processed fewer containers of imported goods in September as the prolonged U.S.-China trade war whipsaws global trade. ","The Port of Los Angeles, the busiest for ocean trade with China, processed fewer containers of imported goods in September as the prolonged U.S.-China trade war whipsaws global trade.  ","2019-10-11T19:48:47+0000"
"16","Alarm Over Trump’s Trade War With China","Alarm Over the Trade War With China","https://www.nytimes.com/2019/08/26/opinion/letters/trump-trade-china-g7-summit-meeting.html","Readers worry that the president is putting the American and world economies in jeopardy with tariffs and orders to cut ties.","To the Editor:","Readers worry that the president is putting the American and world economies in jeopardy with tariffs and orders to cut ties.","2019-08-26T19:42:06+0000"
"17","Business Groups Warn of Peril as Trump’s Trade War Spirals","Business Groups Sound an Alarm as Trump’s Trade War Spirals","https://www.nytimes.com/2019/08/25/business/trump-trade-war-businesses.html","After the latest escalation, a wide array of business leaders raised the alarm on the likely costs for workers and consumers.","The latest whipsawing escalations in the United States’ trade war with China prompted a wide array of business organizations to warn over the weekend that American consumers and workers would soon be caught in the crossfire.","After the latest escalation, a wide array of business leaders raised the alarm on the likely costs for workers and consumers.","2019-08-25T23:08:07+0000"
"18","Trump’s Trade War Washes Up on Australia’s Shore","Trump’s Trade War Washes Up on Australia’s Economically Buoyant Shore","https://www.nytimes.com/2019/08/28/business/trump-trade-war-australia.html","Australia’s economy is not taking a direct hit from the trade wars, but its central bank is reacting — a sign of how interlinked the world has become.","WASHINGTON — Australia’s economy is experiencing its 28th year of a record-shattering expansion, with strong employment growth and high economic potential.","Australia’s economy is not taking a direct hit from the trade wars, but its central bank is reacting — a sign of how interlinked the world has become.","2019-08-28T16:53:43+0000"
"19","China, Locked in Trade War With U.S., Agrees to Tackle India's Trade Deficit","China, Locked in Trade War With U.S., Agrees to Tackle India's Trade Deficit","https://www.nytimes.com/reuters/2019/10/12/world/asia/12reuters-india-china.html","Chinese President Xi Jinping and Indian Prime Minister Narendra Modi agreed at a summit on Saturday to set up a high-level group to tackle India's galloping trade deficit with the world's second-biggest economy, a top Indian diplomat said.","MAMALLAPURAM, India, — Chinese President Xi Jinping and Indian Prime Minister Narendra Modi agreed at a summit on Saturday to set up a high-level group to tackle India's galloping trade deficit with the world's second-biggest economy, a top Indian diplomat said.","Chinese President Xi Jinping and Indian Prime Minister Narendra Modi agreed at a summit on Saturday to set up a high-level group to tackle India's galloping trade deficit with the world's second-biggest economy, a top Indian diplomat said.","2019-10-12T23:09:57+0000"
"20","President Trump’s Fruitless Trade War","President Trump’s Fruitless Trade War","https://www.nytimes.com/2019/08/06/opinion/china-currency.html","The Trump administration continues to escalate its confrontation with China, but there is no clear goal — and no end in sight.","President Trump told the American people that confronting China would be quick and painless and would result in clear gains for the American economy, a philosophy summarized most famously in his Twitter boast: “Trade wars are good, and easy to win.” ","The Trump administration continues to escalate its confrontation with China, but there is no clear goal — and no end in sight.","2019-08-06T23:43:20+0000"
"21","3 Countries Cut Rates as World Braces for More Trade War Turbulence","Cutting Rates, 3 Countries Take Cover in Trade War","https://www.nytimes.com/2019/08/07/business/interest-rates-india-thailand-new-zealand.html","Central banks in India, Thailand and New Zealand cut interest rates in what one analyst called “defensive action” amid fears of worsening U.S.-China tensions.","Central banks in India, Thailand and New Zealand moved to shore up their economies on Wednesday amid fears that global growth will become the biggest casualty in the spiraling trade war between the United States and China.","Central banks in India, Thailand and New Zealand cut interest rates in what one analyst called “defensive action” amid fears of worsening U.S.-China tensions.","2019-08-07T14:31:13+0000"
"22","In Trade War, China’s Hard-Line Stance Risks Economy","In Trade War, Hard-Line Stance by Xi Risks the Economy","https://www.nytimes.com/2019/08/06/world/asia/china-xi-jingping-trade.html","The Chinese leader, Xi Jinping, wants to appear strong in the face of President Trump, even if it means enduring the economic fallout.","BEIJING — China’s leader sent a strong message: the Chinese currency could be used as a weapon in the trade war.","The Chinese leader, Xi Jinping, wants to appear strong in the face of President Trump, even if it means enduring the economic fallout.","2019-08-06T16:08:54+0000"
"23","Choke Point: Vietnam Skilled Labor Squeezed by Sino-U.S. Trade War","Choke Point: Vietnam Skilled Labor Squeezed by Sino-U.S. Trade War","https://www.nytimes.com/reuters/2019/10/11/world/asia/10reuters-vietnam-labour.html","A new front has opened in the U.S.-China trade war as companies shifting manufacturing to Vietnam engage in a fierce battle for skilled labor, aggravating an existing shortage and prompting calls for education reforms to address the problem. ","HO CHI MINH CITY/HANOI — A new front has opened in the U.S.-China trade war as companies shifting manufacturing to Vietnam engage in a fierce battle for skilled labor, aggravating an existing shortage and prompting calls for education reforms to address the problem. ","A new front has opened in the U.S.-China trade war as companies shifting manufacturing to Vietnam engage in a fierce battle for skilled labor, aggravating an existing shortage and prompting calls for education reforms to address the problem. ","2019-10-11T23:21:43+0000"
"24","Choke Point: Vietnam Skilled Labour Squeezed by Sino-U.S. Trade War","Choke Point: Vietnam Skilled Labour Squeezed by Sino-U.S. Trade War","https://www.nytimes.com/reuters/2019/10/11/business/10reuters-vietnam-labour.html","A new front has opened in the U.S.-China trade war as companies shifting manufacturing to Vietnam engage in a fierce battle for skilled labour, aggravating an existing shortage and prompting calls for education reforms to address the problem. ","HO CHI MINH CITY/HANOI — A new front has opened in the U.S.-China trade war as companies shifting manufacturing to Vietnam engage in a fierce battle for skilled labour, aggravating an existing shortage and prompting calls for education reforms to address the problem. ","A new front has opened in the U.S.-China trade war as companies shifting manufacturing to Vietnam engage in a fierce battle for skilled labour, aggravating an existing shortage and prompting calls for education reforms to address the problem. ","2019-10-11T17:27:52+0000"
"25","How the U.S.-China Trade War Hurts the Rest of the World",NA,"https://www.nytimes.com/2019/08/27/podcasts/the-daily/trump-china-trade-war-g7.html","As the two largest economies on earth battle over trade, the fortunes of much of the globe hang in the balance.","Listen and subscribe to our podcast from your mobile device: Via Apple Podcasts | Via RadioPublic | Via Stitcher","As the two largest economies on earth battle over trade, the fortunes of much of the globe hang in the balance.","2019-08-27T10:00:05+0000"
"26","As Trump Escalates Trade War, U.S. and China Move Further Apart With No End in Sight","A Trade War’s Punitive Turn Puts U.S.-China Ties ‘in Free Fall’","https://www.nytimes.com/2019/09/01/world/asia/trump-trade-war-china.html","The standoff is upending the relationship between the world’s two largest economies.","WASHINGTON — President Trump’s trade war with China entered new territory on Sunday as his next round of tariffs took effect, changing the rules of trade in ways that have no recent historic precedent and driving the world’s two largest economies further apart.","The standoff is upending the relationship between the world’s two largest economies.","2019-09-01T04:01:05+0000"
"27","How Much Will the Trade War Cost You by the End of the Year?",NA,"https://www.nytimes.com/interactive/2019/business/economy/trade-war-costs.html","About $460 for the average family, according to a new economic analysis.","About $460 for the average family, according to a new economic analysis.","About $460 for the average family, according to a new economic analysis.","2019-09-01T04:01:01+0000"
"28","Heroes of the Great Patriotic Trade War",NA,"https://www.nytimes.com/2019/06/09/opinion/heroes-of-the-great-patriotic-trade-war.html","People can’t take America seriously anymore.","I’d like to make an important announcement to New York retailers: NEW JERSEY HAS AGREED TO IMMEDIATELY BEGIN BUYING LARGE QUANTITIES OF WHITEFISH SALAD FROM OUR GREAT PATRIOT GOURMET MARKETS.","People can’t take America seriously anymore.","2019-06-09T14:51:42+0000"
"29","China's Yuan to Slip to New Decade Lows as Trade War Drags On: Reuters Poll","China's Yuan to Slip to New Decade Lows as Trade War Drags On: Reuters Poll","https://www.nytimes.com/reuters/2019/10/04/business/03reuters-forex-poll-yuan.html","The Chinese yuan will slip by year-end to deeper lows last hit against the U.S. dollar during the 2008 global financial crisis as the authorities nudge the partly managed currency down while the U.S.-China trade war rumbles on, a Reuters poll show...","BENGALURU — The Chinese yuan will slip by year-end to deeper lows last hit against the U.S. dollar during the 2008 global financial crisis as the authorities nudge the partly managed currency down while the U.S.-China trade war rumbles on, a Reuters poll showed.","The Chinese yuan will slip by year-end to deeper lows last hit against the U.S. dollar during the 2008 global financial crisis as the authorities nudge the partly managed currency down while the U.S.-China trade war rumbles on, a Reuters poll showed.","2019-10-04T05:03:46+0000"
"30","Chip Makers Are Punished as the Trade War Drags On","Trade War Lashes Chip Makers","https://www.nytimes.com/2019/05/23/business/dealbook/semiconductor-stocks-trade-war.html","Shares of Qualcomm, Nvidia and other American chip makers have tumbled as the companies find themselves at the center of the dispute between the U.S. and China.","Get the DealBook newsletter to make sense of major business and policy headlines — and the power-brokers who shape them.__________","Shares of Qualcomm, Nvidia and other American chip makers have tumbled as the companies find themselves at the center of the dispute between the U.S. and China.","2019-05-23T17:48:45+0000"
"31","On Politics: Trump Pivots on Trade War, Again","Morning Edition","https://www.nytimes.com/2019/08/27/us/politics/trump-trade-war.html","Concluding a head-spinning summit, President Trump left France with a fragile consensus to seek resolution on several economic crises.","Good Tuesday morning. Here are some of the stories making news in Washington and politics today.","Concluding a head-spinning summit, President Trump left France with a fragile consensus to seek resolution on several economic crises.","2019-08-27T05:10:12+0000"
"32","Lawsuit Over Computer Chips Invokes Trade War With China","U.S. Chip Maker Sues a Taiwanese Rival on Patents, Citing Trade War Issues","https://www.nytimes.com/2019/08/26/technology/globalfoundries-tsmc-lawsuit-computer-chips.html","Globalfoundries has accused T.S.M.C., a competitor in Taiwan, of infringing on 16 patents in a suit that could also affect companies like Apple and Google.","SAN FRANCISCO — One of the biggest semiconductor makers in the United States on Monday initiated a broad legal attack on Taiwan’s dominant chip manufacturer, the latest twist in a complex geopolitical battle over electronic components that could affect big chip users like Apple and Google.","Globalfoundries has accused T.S.M.C., a competitor in Taiwan, of infringing on 16 patents in a suit that could also affect companies like Apple and Google.","2019-08-26T21:43:05+0000"
"33","Caught in the Middle of the Trade War",NA,"https://www.nytimes.com/2019/05/16/podcasts/the-daily/trump-tariffs-china-trade-war.html","We talked to a farmer and a truck manufacturer who have supported President Trump about how his tariffs affect their businesses.","Listen and subscribe to our podcast from your mobile device: Via Apple Podcasts | Via RadioPublic | Via Stitcher","We talked to a farmer and a truck manufacturer who have supported President Trump about how his tariffs affect their businesses.","2019-05-16T10:00:09+0000"
"34","Who Will Survive the Trade War?","Who Will Survive the Trade War?","https://www.nytimes.com/2019/06/06/opinion/trump-trade-war.html","History shows that big businesses profit most when tariffs reign.","America is entering a new era of tariffs. President Trump is in no hurry to resolve the trade dispute with China, he is adamant about imposing tariffs on Mexico, and farmers and companies are trying to figure how to withstand them for months or years, not weeks. ","History shows that big businesses profit most when tariffs reign.","2019-06-06T15:08:25+0000"
"35","China’s Economic Growth Hits 27-Year Low as Trade War Stings","China’s Economic Growth Slows as Trade War Stings","https://www.nytimes.com/2019/07/14/business/china-economy-growth-gdp-trade-war.html","Rising tariffs on Chinese goods sold to the U.S. are taking an increasing toll, but the country is also suffering from cracks in its financial system.","BEIJING — China’s growth fell to its slowest pace in nearly three decades, officials disclosed on Monday, as a resurgence of trade tensions with the United States and lingering financial problems take an increasing toll on one of the world’s most vital economic engines.","Rising tariffs on Chinese goods sold to the U.S. are taking an increasing toll, but the country is also suffering from cracks in its financial system.","2019-07-15T02:01:30+0000"
"36","Germany Nears Recession and Chinese Factories Slow in Trade War Fallout",NA,"https://www.nytimes.com/2019/08/14/business/german-economy.html","The German economy shrank in the second quarter and may be headed toward recession. Growth of Chinese factories was the slowest in 17 years.","FRANKFURT — In ominous signs of the damage being done by the trade war between China and the United States, data released on Wednesday indicated that the German economy was hurtling toward recession and that growth at Chinese factories was slowing at a pace not seen in nearly two decades.","The German economy shrank in the second quarter and may be headed toward recession. Growth of Chinese factories was the slowest in 17 years.","2019-08-14T12:12:20+0000"
"37","Trade War Worry Hits Stocks, as Central Banks Cut Rates",NA,"https://www.nytimes.com/2019/08/07/business/stock-market-bond-yields.html","A rush to safer investments pushed government bond yields to lows not seen since 2016.","Trade war worries slammed financial markets again on Wednesday, provoking a rush to the safety of government bonds and another tumble in share prices. ","A rush to safer investments pushed government bond yields to lows not seen since 2016.","2019-08-07T14:09:24+0000"
"38","If You’re an American Farmer, How Has Trump’s Trade War Affected You?",NA,"https://www.nytimes.com/2019/08/28/reader-center/trump-trade-war-china-farmers.html","We would like to hear about the impact that the dispute has had on you and your family.","More than a year after President Trump began a trade war with China, farmers in the United States continue to deal with its fallout. ","We would like to hear about the impact that the dispute has had on you and your family.","2019-08-28T19:52:05+0000"
"39","Chinese Money in the U.S. Dries Up as Trade War Drags On","Trade War Leads  Chinese Spending  In U.S. to Plunge","https://www.nytimes.com/2019/07/21/us/politics/china-investment-trade-war.html","Tougher regulations and uncertainty about tariffs have made America less friendly for foreign investment.","WASHINGTON — Growing distrust between the United States and China has slowed the once steady flow of Chinese cash into America, with Chinese investment plummeting by nearly 90 percent since President Trump took office.","Tougher regulations and uncertainty about tariffs have made America less friendly for foreign investment.","2019-07-21T09:00:06+0000"
"40","U.S.-China Trade War: The Consequences","U.S.-China Trade War: The Consequences","https://www.nytimes.com/2019/05/13/opinion/letters/us-china-trade.html","Readers debate how the battle over tariffs will affect the U.S. economy.","To the Editor:","Readers debate how the battle over tariffs will affect the U.S. economy.","2019-05-13T18:58:12+0000"
"41","Trade War May Be Slowing Business Spending and Factories, Fed Says","Trade War May Be Causing Businesses to Delay Spending, Fed Says","https://www.nytimes.com/2019/07/05/business/economy/fed-powell-monetary-policy.html","A report by Federal Reserve officials said that United States economic activity increased at a “solid pace” in early 2019, but that risks still loomed.","WASHINGTON — Federal Reserve officials worry that the uncertainty caused by the trade war between the United States and China could be constraining business spending and may be contributing to a manufacturing slowdown that is dragging on growth.","A report by Federal Reserve officials said that United States economic activity increased at a “solid pace” in early 2019, but that risks still loomed.","2019-07-05T17:46:59+0000"
"42","Trade War Starts Changing Manufacturers in Hard-to-Reverse Ways","Manufacturers Adapt to Trade War, but the Cost Could Be Steep","https://www.nytimes.com/2019/05/30/business/economy/trump-tariff-manufacturer.html","With no end in sight to the tariff duel with China, American companies are shifting supply chains and making other moves for the long haul.","PORTLAND, Ore. — When the Trump administration first imposed tariffs on $34 billion in Chinese imports in July, Andy LaFrazia figured it was just another curveball for his company.","With no end in sight to the tariff duel with China, American companies are shifting supply chains and making other moves for the long haul.","2019-05-30T16:35:37+0000"
"43","U.S.-China Trade War May Cut Global Growth by Half a Point Next Year: Le Maire","U.S.-China Trade War May Cut Global Growth by Half a Point Next Year: Le Maire","https://www.nytimes.com/reuters/2019/10/09/business/09reuters-oecd-tax-france.html","The trade war between the United States and China could cut global growth by 0.5 points next year, French Finance Minister Bruno Le Maire said on Wednesday.","LUXEMBOURG — The trade war between the United States and China could cut global growth by 0.5 points next year, French Finance Minister Bruno Le Maire said on Wednesday.","The trade war between the United States and China could cut global growth by 0.5 points next year, French Finance Minister Bruno Le Maire said on Wednesday.","2019-10-09T14:55:08+0000"
"44","The Trade War With China Has an Upside for Consumers, Too","The Trade War Is Taking Money From Your Wallet, and Returning Some, Too","https://www.nytimes.com/2019/06/17/business/trump-tariffs-trade-war-china.html","The Trump administration’s tariffs made that washing machine cost more, but gas is cheaper because the markets are jittery about the trade war.","Since the start of the Trump administration’s trade war last year, economists and executives have repeatedly warned that consumers will ultimately end up footing the bill for tariffs through higher prices. ","The Trump administration’s tariffs made that washing machine cost more, but gas is cheaper because the markets are jittery about the trade war.","2019-06-17T13:55:16+0000"
"45","China’s Currency Is Weakening as the Trade War Drags On","As the Renminbi Declines, It’s Not All Beijing’s Doing","https://www.nytimes.com/2019/08/27/business/china-yuan.html","There’s evidence that the government has been trying to prop up the renminbi, not weaken it drastically.","China’s currency weakened by 0.15 percent against the dollar on Tuesday. It was a decline that — on its own — seems unremarkable. ","There’s evidence that the government has been trying to prop up the renminbi, not weaken it drastically.","2019-08-27T23:04:48+0000"
"46","Trade Wars Pose 'Worrisome' Threat to World Economy-BoE's Kohn","Trade Wars Pose 'Worrisome' Threat to World Economy-BoE's Kohn","https://www.nytimes.com/reuters/2019/10/15/business/15reuters-britain-boe-kohn.html","The escalation of trade conflict between the United States and China is ""very worrisome"" for the global outlook and it remains to be seen if it will tip the world economy into recession, Bank of England policymaker Donald Kohn said on Tuesday.","LONDON — The escalation of trade conflict between the United States and China is ""very worrisome"" for the global outlook and it remains to be seen if it will tip the world economy into recession, Bank of England policymaker Donald Kohn said on Tuesday.","The escalation of trade conflict between the United States and China is ""very worrisome"" for the global outlook and it remains to be seen if it will tip the world economy into recession, Bank of England policymaker Donald Kohn said on Tuesday.","2019-10-15T12:55:11+0000"
"47","U.S. Visa Move Against China Casts Pall Over Talks to End Trade War","U.S. Visa Move Against China Casts Pall Over Talks to End Trade War","https://www.nytimes.com/reuters/2019/10/08/business/08reuters-usa-trade-china.html","The United States on Tuesday imposed visa restrictions on Chinese officials for the detention or abuse of Muslim minorities, angering Beijing, but a U.S. official said high-level trade talks would still take place on Thursday and Friday as planned...","WASHINGTON — The United States on Tuesday imposed visa restrictions on Chinese officials for the detention or abuse of Muslim minorities, angering Beijing, but a U.S. official said high-level trade talks would still take place on Thursday and Friday as planned.","The United States on Tuesday imposed visa restrictions on Chinese officials for the detention or abuse of Muslim minorities, angering Beijing, but a U.S. official said high-level trade talks would still take place on Thursday and Friday as planned.","2019-10-08T06:01:15+0000"
"48","The Week in Business: The China Trade War Clobbers the Markets","With Interest","https://www.nytimes.com/2019/08/03/business/the-week-in-business-interest-rates-china-trade.html","Plus, where should police departments draw the line with facial recognition surveillance?","It’s August, which means most people aren’t paying attention to the news — so you get extra Brownie points when you do. Read up on the top stories in business and tech, and feel superior heading into Monday.","Plus, where should police departments draw the line with facial recognition surveillance?","2019-08-03T20:13:10+0000"
"49","DealBook Briefing: Don’t Bet on the Trade War Ending Quickly",NA,"https://www.nytimes.com/2019/07/29/business/dealbook/us-china-trade-war.html","Officials from the two countries are meeting this week to continue working on a truce. But neither side seems eager for a speedy resolution.","Good Monday. On the agenda: The Fed is expected to cut interest rates this week for the first time since the 2008 financial crisis. (Was this email forwarded to you? Sign up here.)","Officials from the two countries are meeting this week to continue working on a truce. But neither side seems eager for a speedy resolution.","2019-07-29T10:24:02+0000"
"50","DealBook Briefing: The Forever Trade War?",NA,"https://www.nytimes.com/2019/05/15/business/dealbook/trade-war-tariffs.html","Tariffs first looked like a temporary bargaining tool. Now they’re starting to look like the new normal.","Good Wednesday. (Want this by email? Sign up here.)","Tariffs first looked like a temporary bargaining tool. Now they’re starting to look like the new normal.","2019-05-15T10:06:52+0000"
"51","Hong Kong, Trade War, Shootings: Your Tuesday Briefing",NA,"https://www.nytimes.com/2019/08/05/briefing/hong-kong-trade-war-shootings.html","Here’s what you need to know.","(Want to get this briefing by email? Here’s the sign-up.)","Here’s what you need to know.","2019-08-06T03:28:12+0000"
"52","DealBook Briefing: Tariffs Aren’t Offsetting the Trade War Pain",NA,"https://www.nytimes.com/2019/07/16/business/dealbook/tarrifs-trade-war.html","President Trump says his fight with Beijing is hurting China’s economy but generating billions for the U.S. That’s not entirely true.","Good Tuesday. (Want this by email? Sign up here.)","President Trump says his fight with Beijing is hurting China’s economy but generating billions for the U.S. That’s not entirely true.","2019-07-16T10:22:53+0000"
"53","Trump Hands China an Easy Win in the Trade War",NA,"https://www.nytimes.com/2019/05/29/opinion/trump-china-trade-war.html","The president’s tough rhetoric plays into Chinese economic nationalism.","When President Trump tweeted on May 5 that the China trade deal was off, the historical echoes in Beijing were loud and clear.  Almost exactly 100 years earlier, China’s “May Fourth Movement” of 1919 was a direct response to the actions of President Woodrow Wilson at the end of World War I. Wilson had promised China, an American ally, that German colonies in Shandong would be returned to Chinese sovereignty, but instead handed them to Japan. China exploded with anti-American, nationalist sentiment. One of the eventual consequences was the establishment of the Chinese Communist Party, which for the last 70 years has ruled the country.","The president’s tough rhetoric plays into Chinese economic nationalism.","2019-05-29T10:00:04+0000"
"54","As Trade War Rages, China’s Sway Over the U.S. Fades","Trade War Undercuts China’s Sway In the U.S.","https://www.nytimes.com/2019/05/17/business/china-trade-influence.html","Beijing once could count on allies in business and politics to help get its way. Now many of its old allies are staying on the sidelines.","China usually gets its way. In Washington, on Wall Street and in corporate boardrooms, Beijing has used the country’s size and promise for decades to quell opposition and reward those who helped its rise.","Beijing once could count on allies in business and politics to help get its way. Now many of its old allies are staying on the sidelines.","2019-05-17T09:00:18+0000"
"55","U.S. Ports Brace Themselves for the Turbulence of a Trade War",NA,"https://www.nytimes.com/paidpost/china-daily/us-ports-brace-themselves-for-the-turbulence-of-a-trade-war.html","Fears voiced over blue-collar jobs. ","Some seaports on the West Coast of the United States are bracing to bear the brunt of the U.S.-China trade war.","Fears voiced over blue-collar jobs. ","2019-06-04T11:30:22+0000"
"56","Economic Trouble Signs Hang Over Trump’s Trade War","Trade Warrior On Risky Path For Economy","https://www.nytimes.com/2019/08/15/business/economy/trump-economy.html","White House advisers discount warnings of a possible recession. But the president may be gambling that the Federal Reserve can ward off that prospect.","WASHINGTON — Against the backdrop of mounting evidence that the global economy is weakening, President Trump is caught between his desire to pursue the trade war with China he promised to win and his need to keep the economy humming as the 2020 election approaches.","White House advisers discount warnings of a possible recession. But the president may be gambling that the Federal Reserve can ward off that prospect.","2019-08-16T00:08:06+0000"
"57","Stocks Whipsaw as Traders Face Conflicting Trade War Signals","Mixed Signals on Trade Whipsaw Markets","https://www.nytimes.com/2019/08/15/business/stock-market-today.html","Beijing first vowed to retaliate against new tariffs, even after Trump postponed some of them, but then appeared to soften its stance.","Stocks swerved up and down on Thursday before ending with a modest gain after China sent conflicting signals about how it would respond to President Trump’s threats of new tariffs and investors took some solace in upbeat economic and earnings data.","Beijing first vowed to retaliate against new tariffs, even after Trump postponed some of them, but then appeared to soften its stance.","2019-08-15T08:05:33+0000"
"58","As Trump Swerves on Trade War, It’s Whiplash for the Rest of the World","Global Whiplash as Trump Seesaws on Trade","https://www.nytimes.com/2019/08/26/world/asia/trump-g7-meeting.html","At the Group of 7 meeting in France, President Trump changed his approach to the trade war with China time and again, leaving much of the world off balance. “It’s the way I negotiate,” he said.","BIARRITZ, France — Remember when President Xi Jinping of China was the “enemy”? That was so Friday. As of Monday, according to President Trump, Mr. Xi was “a great leader” and a “brilliant man.”","At the Group of 7 meeting in France, President Trump changed his approach to the trade war with China time and again, leaving much of the world off balance. “It’s the way I negotiate,” he said.","2019-08-26T23:04:39+0000"
"59","Mnuchin Presses Companies for Trade War Contingency Plans","Mnuchin Presses Retailers On Plans Amid Trade War","https://www.nytimes.com/2019/05/22/us/politics/irs-trump-tax-returns.html","The Treasury secretary spoke to the chief financial officer of Walmart about steering its supply chain away from China.","WASHINGTON — Treasury Secretary Steven Mnuchin said on Wednesday that he was personally questioning some of America’s largest companies about their plans for weathering the Trump administration’s trade war with China, including encouraging firms to reorient their supply chains and source their products elsewhere.","The Treasury secretary spoke to the chief financial officer of Walmart about steering its supply chain away from China.","2019-05-22T13:59:14+0000"
"60","Global Economic Trouble Is Brewing, and the Trade War Is Only Part of It","Are Tariffs To Blame? It’s Bigger Than That","https://www.nytimes.com/2019/08/14/upshot/global-economic-trouble-is-brewing-and-the-trade-war-is-only-part-of-it.html","A clear signal from the bond market that investors are pessimistic about the economy’s longer-term prospects.","In a span of less than 24 hours, developments in Washington and Wall Street have sent a vivid message: The world is ambling toward an economic morass of the sort that no mere presidential tweet can fix.","A clear signal from the bond market that investors are pessimistic about the economy’s longer-term prospects.","2019-08-14T15:09:37+0000"
"61","China Faces New ‘Long March’ as Trade War Intensifies, Xi Jinping Says","Xi Rallies His People As Trade War Intensifies","https://www.nytimes.com/2019/05/21/world/asia/xi-jinping-china-trade.html","The Chinese leader invoked a time of hardship before success in Communist Party history, at a time when the economy and consumers face other challenges.","BEIJING — President Xi Jinping of China has called for the Chinese people to begin a modern “long march,” invoking a time of hardship from the country’s history as it braces for a protracted trade war with the United States.","The Chinese leader invoked a time of hardship before success in Communist Party history, at a time when the economy and consumers face other challenges.","2019-05-22T03:13:42+0000"
"62","DealBook Briefing: A U.S.-Europe Trade War Looms",NA,"https://www.nytimes.com/2019/05/30/business/dealbook/us-europe-trade.html","The focus has been on China, but Europe may soon find itself in a fight with President Trump on tariffs.","Good Thursday. (Want this by email? Sign up here.)","The focus has been on China, but Europe may soon find itself in a fight with President Trump on tariffs.","2019-05-30T10:44:31+0000"
"63","Chinese Tourists’ U.S. Spending Has Plunged. The Trade War May Be to Blame.","As Trade War With U.S. Grinds On, Chinese Tourists Stay Away","https://www.nytimes.com/2019/06/12/business/trade-war-us-china-tourism.html","The number of Chinese tourists is falling. And that’s especially painful to businesses they favor, because they tend to spend more than other visitors.","A new battlefront has opened in the trade war between the United States and China: the $1.6 trillion American travel industry.","The number of Chinese tourists is falling. And that’s especially painful to businesses they favor, because they tend to spend more than other visitors.","2019-06-12T07:00:09+0000"
"64","Alibaba Reports Slower Growth as U.S.-China Trade War Intensifies","Alibaba’s Fortunes Dim in Shadow of Trade War","https://www.nytimes.com/2019/05/15/technology/alibaba-earnings.html","The e-commerce firm became a giant by catering to China’s emerging middle class. But these are anxious times for Chinese consumers and businesses.","One of the world’s leading internet giants appears to be feeling the effects of China’s economic slowdown and the  trade war with the United States.","The e-commerce firm became a giant by catering to China’s emerging middle class. But these are anxious times for Chinese consumers and businesses.","2019-05-15T12:07:12+0000"
"65","Trump Offers Contradictory Signals on China Trade War","Trump’s Threats Of Tariffs Worry Summit Leaders","https://www.nytimes.com/2019/08/25/world/europe/trump-offers-contradictory-signals-on-china-trade-war.html","After initially said that he was having “second thoughts” about a new levies on Chinese goods, Mr. Trump said he only regretted not raising tariffs faster.","BIARRITZ, France — President Trump offered deeply contradictory signals about his trade war with China on Sunday, ending the day by escalating his threats of higher tariffs even as he remained isolated from fellow world leaders on a strategy that has rattled the global economy.","After initially said that he was having “second thoughts” about a new levies on Chinese goods, Mr. Trump said he only regretted not raising tariffs faster.","2019-08-25T21:10:57+0000"
"66","Trade War, Andrew Luck, U.S. Open: Your Monday Briefing",NA,"https://www.nytimes.com/2019/08/26/briefing/trade-war-andrew-luck-us-open.html","Here’s what you need to know.","(Want to get this briefing by email? Here’s the sign-up.)","Here’s what you need to know.","2019-08-26T09:43:40+0000"
"67","M.B.Z., Trade Wars, Trump: Your Monday Briefing",NA,"https://www.nytimes.com/2019/06/02/briefing/mbz-trade-wars-trump.html","Let us help you start your day.","(Want to get this briefing by email? Here’s the sign-up.)","Let us help you start your day.","2019-06-02T20:42:49+0000"
"68","Floods and Trump’s Trade War Create an Uncertain Year for Farmers","Floods and Trade War Create Uncertain Year for Farmers (and Food Prices)","https://www.nytimes.com/2019/05/31/climate/farmers-flooding-food-prices.html","Prices are rising and planting is far behind schedule as farmers face a complex new calculus about what to plant—or whether to plant at all.","Corn prices are rising as surging floodwaters and soaking rains — combined with President Trump’s trade war with China — are making it an exceptionally difficult year for farmers facing risky choices about what crops to plant, or whether to plant at all.","Prices are rising and planting is far behind schedule as farmers face a complex new calculus about what to plant—or whether to plant at all.","2019-05-31T21:18:22+0000"
"69","China’s Propaganda Machine Takes Aim at U.S. Over Trade War","China’s Propaganda Adds Its Take on Trade War","https://www.nytimes.com/2019/05/14/world/asia/china-propaganda-trade.html","Nationalism has surged as commentators attack “Giant Baby Trump” and vow to resist American demands.","BEIJING — The trade dispute between the United States and China is escalating — and so is the war of words between the two countries. ","Nationalism has surged as commentators attack “Giant Baby Trump” and vow to resist American demands.","2019-05-14T15:23:36+0000"
"70","On Politics: The Trade War Is Here to Stay","Morning Edition","https://www.nytimes.com/2019/05/24/us/politics/on-politics-trump-trade-war.html","The Trump administration announced an aid package for farmers to mollify an important political constituency hurt by the escalating trade clash with China.","Good Friday morning. Here are some of the stories making news in Washington and politics today.","The Trump administration announced an aid package for farmers to mollify an important political constituency hurt by the escalating trade clash with China.","2019-05-24T04:14:03+0000"
"71","Stocks on Wall St. Rebound From Trade War-Driven Drop","Market Surges, Shaking Off Trade Worries","https://www.nytimes.com/2019/08/13/business/global-markets.html","Protest-stricken Hong Kong led losses in Asia, but Europe opened only mildly lower and U.S. stocks moderated as well.","Stocks rose after the White House delayed imposing tariffs on some consumer and electronic goods imported from China that were set to go into effect on Sept. 1.","Protest-stricken Hong Kong led losses in Asia, but Europe opened only mildly lower and U.S. stocks moderated as well.","2019-08-13T08:14:45+0000"
"72","For Both Trump and Xi, Trade Deal Comes Amid Growing Pressures at Home","Trump and Xi, Facing Pressure at Home, Seek an ‘Off-Ramp’ to Costly Trade War","https://www.nytimes.com/2019/10/12/us/politics/trump-trade-deal-china.html","President Trump and his Chinese counterpart, Xi Jinping, agreed to a compromise on trade in recent days as they feel political pressures at home and face weakening economies.","BEIJING — The interim trade pact announced Friday between the United States and China came together as both countries’ leaders faced mounting political pressures and rising economic worries at home.","President Trump and his Chinese counterpart, Xi Jinping, agreed to a compromise on trade in recent days as they feel political pressures at home and face weakening economies.","2019-10-12T19:42:04+0000"
"73","Swine Fever? Trade War? China Turns to Strategic Pork Reserve","Stockpiling Hogs for a Rainy Day","https://www.nytimes.com/2019/10/07/business/china-strategic-pork-reserve.html","The tariff fight has added to Chinese shoppers’ grocery bills. How is the government coping? By tapping its gigantic stockpile of emergency meat.","BEIJING — When supplies of China’s favorite meat run low, Beijing calls upon its strategic pork reserve, a name that brings to mind vast piles of sausages, bacon and spareribs housed in secret underground vaults across the country. ","The tariff fight has added to Chinese shoppers’ grocery bills. How is the government coping? By tapping its gigantic stockpile of emergency meat.","2019-10-08T00:53:11+0000"
"74","How Goes the Trade War?",NA,"https://www.nytimes.com/2019/03/03/opinion/how-goes-the-trade-war.html","Consumers, not foreigners, are paying the Trump tariffs.","Say this for Donald Trump: He’s provided us with many iconic quotations, which will surely be repeated in histories and textbooks for decades if not generations to come. Unfortunately, they’ll be repeated because they are extremely clear examples of bad ideas.","Consumers, not foreigners, are paying the Trump tariffs.","2019-03-03T16:55:22+0000"
"75","DealBook Briefing: Could the Trade War Spread to Wall Street?",NA,"https://www.nytimes.com/2019/05/29/business/dealbook/trade-war-wall-street.html","Both inside and outside the White House, there are growing calls for a weakening of China’s links to U.S. financial markets.","Good Wednesday. (Want this by email? Sign up here.)","Both inside and outside the White House, there are growing calls for a weakening of China’s links to U.S. financial markets.","2019-05-29T10:13:06+0000"
"76","‘I Think We’re Going to Make a Deal’: Trump on China Trade War",NA,"https://www.nytimes.com/video/world/europe/100000006680797/trump-china-g7.html","President Trump said on Monday that Chinese officials had called to restart trade talks with the United States. That came after China imposed new tariffs in retaliation for American levies on Friday.","President Trump said on Monday that Chinese officials had called to restart trade talks with the United States. That came after China imposed new tariffs in retaliation for American levies on Friday.","President Trump said on Monday that Chinese officials had called to restart trade talks with the United States. That came after China imposed new tariffs in retaliation for American levies on Friday.","2019-08-26T12:58:23+0000"
"77","Illuminating the Risks of Trump’s China Trade War","Ready to Put the Shade On a Costly Trade War","https://www.nytimes.com/2019/03/04/us/politics/trump-china-trade-war.html","A Delaware lighting store is growing weary of the trade war as its prices increase, putting its profitability at risk.","WILMINGTON, Del. — Tom Vari’s lighting suppliers began mailing him warnings about tariffs last fall. They varied a bit in dates and percentages, but they all said the same thing: Very soon, your prices are going up.","A Delaware lighting store is growing weary of the trade war as its prices increase, putting its profitability at risk.","2019-03-04T16:24:37+0000"
"78","How 4 Companies Struggle to Navigate Trump’s Trade Uncertainty","4 Case Studies: Ways to Adapt In a Trade War","https://www.nytimes.com/2019/08/29/us/politics/trump-economy-uncertainty.html","The president’s whiplash-inducing China moves over the past week sent companies across the United States scrambling to adjust.","Executives at Columbia Sportswear in Portland, Ore., were in a high-level meeting last Friday to wrap up their response to the Trump administration’s latest round of tariffs on Chinese imports when the president took to Twitter.","The president’s whiplash-inducing China moves over the past week sent companies across the United States scrambling to adjust.","2019-08-29T16:28:20+0000"
"79","Stock Markets Hit Pause After Wall Street’s Trade-Driven Rout","Markets Stabilize After Rout in Trade War","https://www.nytimes.com/2019/08/06/business/global-markets.html","Wall Street recovered some of its losses as Monday’s panic over an escalating trade war eased.","BEIJING — Stock markets steadied on Tuesday after a rout the day before, amid signs that Beijing would not immediately act on its veiled threat to use the value of its currency as a weapon in China’s trade war with the United States.","Wall Street recovered some of its losses as Monday’s panic over an escalating trade war eased.","2019-08-06T08:55:18+0000"
"80","Spiraling Trade Tensions Threaten Economy as Trump Pressures China","Jittery Markets Reflect Anxiety Of Trade Wars","https://www.nytimes.com/2019/08/02/business/economy/china-us-trade-threats.html","The S&P 500 recorded its worst week this year as investors were rattled by renewed trade tensions that threatened to undermine the global economy.","WASHINGTON — Global trade tensions escalated this week as the United States renewed its tariff war with China, sending major stock indexes tumbling as fears of an economic slowdown rattled investors around the world.","The S&P 500 recorded its worst week this year as investors were rattled by renewed trade tensions that threatened to undermine the global economy.","2019-08-03T00:04:01+0000"
"81","Bailout for U.S. Farmers Hurt by Trade War","Bailout for U.S. Farmers","https://www.nytimes.com/2019/05/24/opinion/letters/trump-farmers-trade.html","A reader objects to using taxpayer money to fix a problem that the president himself created.","To the Editor:","A reader objects to using taxpayer money to fix a problem that the president himself created.","2019-05-24T19:21:21+0000"
"82","Wall Street’s Slump Continues Over Trade War Concerns",NA,"https://www.nytimes.com/2019/05/08/business/global-markets.html","The sell-off has been driven by a sudden shift in tone surrounding the trade talks between the world’s two largest economies, China and the United States.","Wall Street added to a recent losing streak on Wednesday, as global markets remained pessimistic about the trade negotiations this week between the United States and China.","The sell-off has been driven by a sudden shift in tone surrounding the trade talks between the world’s two largest economies, China and the United States.","2019-05-08T08:28:00+0000"
"83","Global Stocks Uneven Amid U.S.-China Trade War Tensions","Markets in Asia Unnerved By Vows to Ramp Up Tariffs","https://www.nytimes.com/2019/08/25/business/global-markets.html","Asian markets ended lower, but shares on Wall Street and in European markets rose after President Trump and Beijing officials publicly discussed potentially restarting stalled talks.","Stocks climbed in the United States on Monday after President Trump ratcheted down the tension with China, calling President Xi Jinping a “great leader” and indicating that Chinese officials had reached out to resume talks to settle the trade dispute that has unnerved investors.","Asian markets ended lower, but shares on Wall Street and in European markets rose after President Trump and Beijing officials publicly discussed potentially restarting stalled talks.","2019-08-26T02:42:27+0000"
"84","Hong Kong, Trade War, Migrants: Your Monday Briefing",NA,"https://www.nytimes.com/2019/06/10/briefing/hong-kong-trade-war-migrants.html","Here’s what you need to know.","(Want to get this briefing by email? Here’s the sign-up.)","Here’s what you need to know.","2019-06-10T04:03:35+0000"
"85","All Pain, No Glory in Trade War",NA,"https://www.nytimes.com/2019/05/19/opinion/tariffs-china-trade-war.html","No clear winner as the world’s two largest economies duke it out.","Rather than reach a deal, the United States has raised tariffs on $200 billion worth of Chinese goods.","No clear winner as the world’s two largest economies duke it out.","2019-05-19T23:30:06+0000"
"86","Trade War, U.S. Shootings, Toni Morrison: Your Wednesday Briefing",NA,"https://www.nytimes.com/2019/08/06/briefing/trade-war-us-shootings-toni-morrison.html","Here’s what you need to know.","(Want to get this briefing by email? Here’s the sign-up.)","Here’s what you need to know.","2019-08-07T03:31:42+0000"
"87","U.S. Tourism Feels Trade War Pinch as Chinese Travel Fell First Time in 15 Years",NA,"https://www.nytimes.com/paidpost/china-daily/us-tourism-feels-trade-war-pinch-as-chinese-travel-fell-first-time-in-15-years.html","Travel is the top export to China, generating a $29.8 billion trade surplus in 2017.","Travelers from China are seeking alternative destinations amid the trade war with the United States, as travel industry insiders keep a close eye on the decline in the number of those visitors.","Travel is the top export to China, generating a $29.8 billion trade surplus in 2017.","2019-07-30T10:30:42+0000"
"88","Why Markets Aren’t Sweating the U.S.-China Trade War Much: The ‘Trump Put’","Why Trade War Isn’t Toppling Markets, Yet","https://www.nytimes.com/2019/05/08/upshot/trade-war-stock-market-china-us-tariff.html","The president has tended to back off whenever markets and the economy have looked soft.","The real question is not why the stock market is down this week. It is why it is down so little.","The president has tended to back off whenever markets and the economy have looked soft.","2019-05-08T16:51:01+0000"
"89","To Lift the Market, End the Trade War","Stocks and the Trade War","https://www.nytimes.com/2018/12/26/opinion/letters/stock-market-trade-war.html","Both the president and the treasury secretary are misdiagnosing what is causing investor unease, a reader says. ","To the Editor:","Both the president and the treasury secretary are misdiagnosing what is causing investor unease, a reader says. ","2018-12-26T18:54:53+0000"
"90","Your Next iPhone Might Be Made in Vietnam. Thank the Trade War.","An iPhone From Vietnam?","https://www.nytimes.com/2019/07/30/technology/trump-trade-war-vietnam.html","Samsung already assembles half of its handsets in the country, which got a big lift from U.S. tariffs on Chinese goods. Now Apple is homing in.","BAC NINH, Vietnam — No country on earth has benefited from President Trump’s trade fight with China more than Vietnam. ","Samsung already assembles half of its handsets in the country, which got a big lift from U.S. tariffs on Chinese goods. Now Apple is homing in.","2019-07-30T07:00:10+0000"
"91",NA,NA,NA,NA,NA,NA,NA
"92",NA,NA,NA,NA,NA,NA,NA
"93",NA,NA,NA,NA,NA,NA,NA
"94",NA,NA,NA,NA,NA,NA,NA
"95",NA,NA,NA,NA,NA,NA,NA
"96",NA,NA,NA,NA,NA,NA,NA
"97",NA,NA,NA,NA,NA,NA,NA
"98",NA,NA,NA,NA,NA,NA,NA
"99",NA,NA,NA,NA,NA,NA,NA
"100",NA,NA,NA,NA,NA,NA,NA
"101",NA,NA,NA,NA,NA,NA,NA
"102",NA,NA,NA,NA,NA,NA,NA
"103",NA,NA,NA,NA,NA,NA,NA
"104",NA,NA,NA,NA,NA,NA,NA
"105",NA,NA,NA,NA,NA,NA,NA
"106",NA,NA,NA,NA,NA,NA,NA
"107",NA,NA,NA,NA,NA,NA,NA
"108",NA,NA,NA,NA,NA,NA,NA
"109",NA,NA,NA,NA,NA,NA,NA
"110",NA,NA,NA,NA,NA,NA,NA
"111",NA,NA,NA,NA,NA,NA,NA
"112",NA,NA,NA,NA,NA,NA,NA
"113",NA,NA,NA,NA,NA,NA,NA
"114",NA,NA,NA,NA,NA,NA,NA
"115",NA,NA,NA,NA,NA,NA,NA
"116",NA,NA,NA,NA,NA,NA,NA
"117",NA,NA,NA,NA,NA,NA,NA
"118",NA,NA,NA,NA,NA,NA,NA
"119",NA,NA,NA,NA,NA,NA,NA
"120",NA,NA,NA,NA,NA,NA,NA
"121",NA,NA,NA,NA,NA,NA,NA
"122",NA,NA,NA,NA,NA,NA,NA
"123",NA,NA,NA,NA,NA,NA,NA
"124",NA,NA,NA,NA,NA,NA,NA
"125",NA,NA,NA,NA,NA,NA,NA
"126",NA,NA,NA,NA,NA,NA,NA
"127",NA,NA,NA,NA,NA,NA,NA
"128",NA,NA,NA,NA,NA,NA,NA
"129",NA,NA,NA,NA,NA,NA,NA
"130",NA,NA,NA,NA,NA,NA,NA
"131",NA,NA,NA,NA,NA,NA,NA
"132",NA,NA,NA,NA,NA,NA,NA
"133",NA,NA,NA,NA,NA,NA,NA
"134",NA,NA,NA,NA,NA,NA,NA
"135",NA,NA,NA,NA,NA,NA,NA
"136",NA,NA,NA,NA,NA,NA,NA
"137",NA,NA,NA,NA,NA,NA,NA
"138",NA,NA,NA,NA,NA,NA,NA
"139",NA,NA,NA,NA,NA,NA,NA
"140",NA,NA,NA,NA,NA,NA,NA
"141",NA,NA,NA,NA,NA,NA,NA
"142",NA,NA,NA,NA,NA,NA,NA
"143",NA,NA,NA,NA,NA,NA,NA
"144",NA,NA,NA,NA,NA,NA,NA
"145",NA,NA,NA,NA,NA,NA,NA
"146",NA,NA,NA,NA,NA,NA,NA
"147",NA,NA,NA,NA,NA,NA,NA
"148",NA,NA,NA,NA,NA,NA,NA
"149",NA,NA,NA,NA,NA,NA,NA
"150",NA,NA,NA,NA,NA,NA,NA
"151",NA,NA,NA,NA,NA,NA,NA
"152",NA,NA,NA,NA,NA,NA,NA
"153",NA,NA,NA,NA,NA,NA,NA
"154",NA,NA,NA,NA,NA,NA,NA
"155",NA,NA,NA,NA,NA,NA,NA
"156",NA,NA,NA,NA,NA,NA,NA
"157",NA,NA,NA,NA,NA,NA,NA
"158",NA,NA,NA,NA,NA,NA,NA
"159",NA,NA,NA,NA,NA,NA,NA
"160",NA,NA,NA,NA,NA,NA,NA
"161",NA,NA,NA,NA,NA,NA,NA
"162",NA,NA,NA,NA,NA,NA,NA
"163",NA,NA,NA,NA,NA,NA,NA
"164",NA,NA,NA,NA,NA,NA,NA
"165",NA,NA,NA,NA,NA,NA,NA
"166",NA,NA,NA,NA,NA,NA,NA
"167",NA,NA,NA,NA,NA,NA,NA
"168",NA,NA,NA,NA,NA,NA,NA
"169",NA,NA,NA,NA,NA,NA,NA
"170",NA,NA,NA,NA,NA,NA,NA
"171",NA,NA,NA,NA,NA,NA,NA
"172",NA,NA,NA,NA,NA,NA,NA
"173",NA,NA,NA,NA,NA,NA,NA
"174",NA,NA,NA,NA,NA,NA,NA
"175",NA,NA,NA,NA,NA,NA,NA
"176",NA,NA,NA,NA,NA,NA,NA
"177",NA,NA,NA,NA,NA,NA,NA
"178",NA,NA,NA,NA,NA,NA,NA
"179",NA,NA,NA,NA,NA,NA,NA
"180",NA,NA,NA,NA,NA,NA,NA
"181",NA,NA,NA,NA,NA,NA,NA
"182",NA,NA,NA,NA,NA,NA,NA
"183",NA,NA,NA,NA,NA,NA,NA
"184",NA,NA,NA,NA,NA,NA,NA
"185",NA,NA,NA,NA,NA,NA,NA
"186",NA,NA,NA,NA,NA,NA,NA
"187",NA,NA,NA,NA,NA,NA,NA
"188",NA,NA,NA,NA,NA,NA,NA
"189",NA,NA,NA,NA,NA,NA,NA
"190",NA,NA,NA,NA,NA,NA,NA
"191",NA,NA,NA,NA,NA,NA,NA
"192",NA,NA,NA,NA,NA,NA,NA
"193",NA,NA,NA,NA,NA,NA,NA
"194",NA,NA,NA,NA,NA,NA,NA
"195",NA,NA,NA,NA,NA,NA,NA
"196",NA,NA,NA,NA,NA,NA,NA
"197",NA,NA,NA,NA,NA,NA,NA
"198",NA,NA,NA,NA,NA,NA,NA
"199",NA,NA,NA,NA,NA,NA,NA
"200",NA,NA,NA,NA,NA,NA,NA
